{"IS4tEPw4kdWN+t+Pjp2UoQ==":"original-logos_2018_apr_3704-5acf50fa3b1c5-122x97.png","MzJyLVkJ7cNHyxblK14p5w==":"mbr-1620x1080.jpg","VhVwJ9wuqzuDphiu4WuUww==":"mbr-1534x1080.jpg","CrmAEWtU+6DSGIAY6LLoZg==":"mbr-1046x697.jpg","ho9CX1pk6doYEwJ728+M+w==":"mbr-1-1046x697.jpg","5ciSwuRcWYl9y0mxlxW3bQ==":"mbr-1046x858.jpg","v6Ov8tPzsfBPuV89tc+BQQ==":"mbr-2-1046x697.jpg","pgKBKcwGByCTUiRZsipy3g==":"mbr-1626x1080.jpg","6bscGROdpEx1YlfkEqYljw==":"mbr-1-1620x1080.jpg","UnYhamNxJQ4TKjQqpT25aA==":"mbr-1-1626x1080.jpg","PLqPwmgLqffkh2pqgQcYEQ==":"mbr-2-1620x1080.jpg","Qjmn5ZtsE7Mh6ABb44XxPw==":"mbr-1440x1080.jpg","g0KvkO0/ecwXB+f5ptyQYA==":"mbr-1794x1080.jpg","g7LgO+AYnPRcBlERH2W6Eg==":"mbr-1624x1080.jpg","4LI8jnoUyrmcHR65wKfVYQ==":"mbr-3-1620x1080.jpg","Wdjm65uPHF4hS+B2f80HxA==":"logo-192x153.png"}